episode,score,steps,total_steps,exploration,mean_loss,elapsed_seconds,terminated,truncated
1,130.0,385,385,1.0,nan,0.2779056658037007,True,False
2,460.0,702,1087,0.2,0.025979083803990347,1.4400324579328299,True,False
3,430.0,506,1593,0.2,0.027948304325595176,6.349542832933366,True,False
4,820.0,1098,2691,0.2,0.025624516713866338,17.38142399955541,True,False
5,120.0,311,3002,0.2,0.025156712010264013,20.529014624655247,True,False
6,970.0,570,3572,0.2,0.02666815198435679,26.114000082947314,True,False
7,560.0,538,4110,0.2,0.027587378966629005,31.40386966569349,True,False
8,1910.0,691,4801,0.2,0.028543178548947556,38.01730487495661,True,False
9,510.0,611,5412,0.2,0.031031830988830455,43.705414957832545,True,False
10,1200.0,548,5960,0.2,0.03246823696922647,48.85157549986616,True,False
11,190.0,341,6301,0.2,0.03499787669382332,52.304902540985495,True,False
12,720.0,607,6908,0.2,0.03249056800574947,57.885450415778905,True,False
13,520.0,442,7350,0.2,0.03918515607206659,62.25461133290082,True,False
14,460.0,576,7926,0.2,0.0362288725987633,67.7436107499525,True,False
15,470.0,562,8488,0.2,0.04333479798494686,73.38622362492606,True,False
16,380.0,521,9009,0.2,0.0399962603714532,78.78137908270583,True,False
17,610.0,564,9573,0.2,0.03974623836705739,84.69187145773321,True,False
18,660.0,558,10131,0.2,0.038180697086206875,90.0681613329798,True,False
19,940.0,753,10884,0.2,0.03771870923672049,97.87002666573972,True,False
20,930.0,797,11681,0.2,0.038998351127012214,105.84191283257678,True,False
21,530.0,591,12272,0.2,0.03811153203384271,111.94852991588414,True,False
22,280.0,519,12791,0.2,0.03887869593824527,117.13245108257979,True,False
23,1350.0,711,13502,0.2,0.038958348244889064,124.34430233296007,True,False
24,700.0,628,14130,0.2,0.0396607526649193,130.72245037462562,True,False
25,430.0,634,14764,0.2,0.03956525686413706,136.99899333296344,True,False
26,710.0,669,15433,0.2,0.04051208312059948,145.87018337473273,True,False
27,170.0,432,15865,0.2,0.04115189182899754,150.32478204090148,True,False
28,540.0,780,16645,0.2,0.03922612173721576,158.34965299954638,True,False
29,370.0,632,17277,0.2,0.039036673526102794,164.2725449576974,True,False
30,300.0,391,17668,0.2,0.03751444529352368,168.05148112494498,True,False
31,310.0,488,18156,0.2,0.0417799047866195,172.92545320792124,True,False
32,1120.0,639,18795,0.2,0.04384114940902628,179.11796962469816,True,False
33,850.0,582,19377,0.2,0.04274072253451466,185.10478237457573,True,False
34,1730.0,867,20244,0.2,0.045050915210477764,193.65309779066592,True,False
35,870.0,736,20980,0.2,0.0478711886604762,201.38080895785242,True,False
36,770.0,599,21579,0.2,0.05006149925772826,207.37539320765063,True,False
37,600.0,720,22299,0.2,0.05458514267682201,214.60929279075935,True,False
38,400.0,424,22723,0.2,0.048285638421492756,218.8517249575816,True,False
39,920.0,1072,23795,0.2,0.05388193542820596,229.70604316564277,True,False
40,430.0,499,24294,0.2,0.051180900562554595,234.6299482495524,True,False
41,410.0,492,24786,0.2,0.052711576007579156,239.73419287474826,True,False
42,490.0,468,25254,0.2,0.05330861058547838,244.4718573326245,True,False
43,650.0,604,25858,0.2,0.05330002554291428,250.69032604061067,True,False
44,710.0,774,26632,0.2,0.057041067804075474,258.52378349984065,True,False
45,590.0,837,27469,0.2,0.05487412988747421,267.14344437466934,True,False
46,800.0,556,28025,0.2,0.054393426113152246,273.14485987462103,True,False
47,630.0,583,28608,0.2,0.05155798764771795,278.9835963747464,True,False
48,220.0,373,28981,0.2,0.056278895326359296,282.7248442498967,True,False
49,610.0,588,29569,0.2,0.060509240378302576,288.91620829096064,True,False
50,690.0,487,30056,0.2,0.05551265306831872,294.006505665835,True,False
51,1180.0,749,30805,0.2,0.05536061858280218,303.8548126658425,True,False
52,730.0,630,31435,0.2,0.059964132673184206,310.3610718748532,True,False
53,240.0,380,31815,0.2,0.0583982452750206,314.395047375001,True,False
54,590.0,613,32428,0.2,0.05997832900808229,320.5888652908616,True,False
55,460.0,524,32952,0.2,0.058836439240524785,325.94529504096135,True,False
56,420.0,470,33422,0.2,0.06564903262461352,330.8965091658756,True,False
57,520.0,671,34093,0.2,0.06175387244937675,337.4325548745692,True,False
58,820.0,927,35020,0.2,0.06102035032055373,347.2673981655389,True,False
59,520.0,510,35530,0.2,0.06732096496646799,352.7621563747525,True,False
60,720.0,569,36099,0.2,0.05842843967896532,358.3190254159272,True,False
61,540.0,595,36694,0.2,0.06536753833506431,364.4823866658844,True,False
62,340.0,512,37206,0.2,0.06017623386287596,369.8903327905573,True,False
63,1190.0,846,38052,0.2,0.058217791438471736,378.84685066575184,True,False
64,1910.0,1097,39149,0.2,0.07204409872256491,390.6022856249474,True,False
65,340.0,503,39652,0.2,0.05962737213583693,395.7952794576995,True,False
66,540.0,538,40190,0.2,0.06735633392887774,401.1596988327801,True,False
67,460.0,444,40634,0.2,0.07378992300715533,405.77754824981093,True,False
68,460.0,472,41106,0.2,0.06755231467659696,410.7774829999544,True,False
69,740.0,569,41675,0.2,0.06571218154301316,416.6408673748374,True,False
70,1660.0,1141,42816,0.2,0.07357633323408663,428.7266954998486,True,False
71,670.0,787,43603,0.2,0.06592146972935571,436.82316958298907,True,False
72,350.0,533,44136,0.2,0.07013292039341446,442.455337040592,True,False
73,600.0,596,44732,0.2,0.07092726170616662,448.5614129998721,True,False
74,490.0,549,45281,0.2,0.0611812554395003,454.3773287907243,True,False
75,420.0,416,45697,0.2,0.059731341880531266,458.7452994999476,True,False
76,330.0,517,46214,0.2,0.07146701790652303,465.77922854060307,True,False
77,320.0,427,46641,0.2,0.062480703361819837,470.27298087487,True,False
78,670.0,617,47258,0.2,0.06763184654175655,476.53645145799965,True,False
79,710.0,579,47837,0.2,0.07007609632765424,482.54246758297086,True,False
80,290.0,460,48297,0.2,0.05772395284198548,487.1421601655893,True,False
81,1080.0,694,48991,0.2,0.08344786547425855,494.24190083285794,True,False
82,860.0,607,49598,0.2,0.07999258247008056,500.81455208268017,True,False
83,700.0,578,50176,0.2,0.07910050793454565,506.24923741584644,True,False
84,490.0,421,50597,0.2,0.08083079126441763,510.56377999996766,True,False
85,1000.0,820,51417,0.2,0.08368102649635659,519.0270376657136,True,False
86,790.0,585,52002,0.2,0.07888347032951983,524.8047439577058,True,False
87,520.0,430,52432,0.2,0.08484846888179029,529.3098195828497,True,False
88,410.0,497,52929,0.2,0.08032659369130288,534.3292475407943,True,False
89,1100.0,753,53682,0.2,0.08204119722358882,542.2194199576043,True,False
90,800.0,679,54361,0.2,0.08101043026784764,549.3929463746026,True,False
91,260.0,366,54727,0.2,0.07655084949846451,553.1634473749436,True,False
92,870.0,801,55528,0.2,0.09489753164017378,561.3280906248838,True,False
93,850.0,628,56156,0.2,0.08552722914654548,567.8865514998324,True,False
94,590.0,483,56639,0.2,0.07646299557139476,572.8946085409261,True,False
95,1090.0,604,57243,0.2,0.0880804912538718,579.1215477907099,True,False
96,380.0,521,57764,0.2,0.07702275440239041,584.4740269579925,True,False
97,600.0,629,58393,0.2,0.07866447197071685,591.1581247076392,True,False
98,520.0,430,58823,0.2,0.08604780466200035,595.9032922079787,True,False
99,470.0,509,59332,0.2,0.07436057647282723,601.4161592908204,True,False
100,560.0,593,59925,0.2,0.08656816166901105,607.6515381247737,True,False
